-- MySQL dump 10.13  Distrib 8.0.40, for Win64 (x86_64)
--
-- Host: localhost    Database: draftdiscordbot
-- ------------------------------------------------------
-- Server version	8.0.40

/*!40101 SET @OLD_CHARACTER_SET_CLIENT=@@CHARACTER_SET_CLIENT */;
/*!40101 SET @OLD_CHARACTER_SET_RESULTS=@@CHARACTER_SET_RESULTS */;
/*!40101 SET @OLD_COLLATION_CONNECTION=@@COLLATION_CONNECTION */;
/*!50503 SET NAMES utf8 */;
/*!40103 SET @OLD_TIME_ZONE=@@TIME_ZONE */;
/*!40103 SET TIME_ZONE='+00:00' */;
/*!40014 SET @OLD_UNIQUE_CHECKS=@@UNIQUE_CHECKS, UNIQUE_CHECKS=0 */;
/*!40014 SET @OLD_FOREIGN_KEY_CHECKS=@@FOREIGN_KEY_CHECKS, FOREIGN_KEY_CHECKS=0 */;
/*!40101 SET @OLD_SQL_MODE=@@SQL_MODE, SQL_MODE='NO_AUTO_VALUE_ON_ZERO' */;
/*!40111 SET @OLD_SQL_NOTES=@@SQL_NOTES, SQL_NOTES=0 */;

--
-- Table structure for table `bet_lines`
--

DROP TABLE IF EXISTS `bet_lines`;
/*!40101 SET @saved_cs_client     = @@character_set_client */;
/*!50503 SET character_set_client = utf8mb4 */;
CREATE TABLE `bet_lines` (
  `wagerID` int NOT NULL AUTO_INCREMENT,
  `user1` varchar(45) DEFAULT NULL,
  `wager1` int DEFAULT NULL,
  `user2` varchar(45) DEFAULT NULL,
  `wager2` int DEFAULT NULL,
  `active` tinyint DEFAULT '1',
  `winner` varchar(45) DEFAULT NULL,
  `replay_link` varchar(100) DEFAULT NULL,
  PRIMARY KEY (`wagerID`)
) ENGINE=InnoDB AUTO_INCREMENT=54 DEFAULT CHARSET=utf8mb4 COLLATE=utf8mb4_0900_ai_ci;
/*!40101 SET character_set_client = @saved_cs_client */;

--
-- Dumping data for table `bet_lines`
--

LOCK TABLES `bet_lines` WRITE;
/*!40000 ALTER TABLE `bet_lines` DISABLE KEYS */;
INSERT INTO `bet_lines` VALUES (28,'617487283922272258',2350,'312970835726041098',1000,0,NULL,'https://replay.pokemonshowdown.com/gen9natdexdraft-2297120764'),(29,'240252487766900737',1150,'170690296164646912',1800,0,NULL,'https://replay.pokemonshowdown.com/gen9natdexdraft-2298323975-a5linb547f9b2v0ael5723j0hhnl9oqpw'),(30,'391280790924689410',1150,'330178000329113601',1000,0,NULL,'https://replay.pokemonshowdown.com/gen9natdexdraft-2297628743'),(31,'387785462233825322',1150,'495999441447419919',1200,0,NULL,'https://replay.pokemonshowdown.com/gen9natdexdraft-2297766456'),(32,'198086686465327104',1150,'219924015928705025',1000,0,NULL,'https://replay.pokemonshowdown.com/gen9natdexdraft-2298333037'),(33,'330178000329113601',3419,'219924015928705025',3600,0,NULL,'https://replay.pokemonshowdown.com/gen9natdexdraft-2302158947'),(34,'170690296164646912',13572,'387785462233825322',6300,0,NULL,'https://replay.pokemonshowdown.com/gen9nationaldexubers-2302220888-6l96p77xvl0yl1qvv0dh7684pdkna4npw'),(35,'198086686465327104',1950,'312970835726041098',2300,0,NULL,'https://replay.pokemonshowdown.com/gen9natdexdraft-2302093895'),(36,'617487283922272258',3495,'495999441447419919',4858,0,NULL,'https://replay.pokemonshowdown.com/gen9natdexdraft-2302196134'),(37,'391280790924689410',1150,'240252487766900737',1300,0,NULL,'https://replay.pokemonshowdown.com/gen9nationaldexubers-2301377650'),(38,'219924015928705025',5084,'170690296164646912',14072,0,NULL,'https://replay.pokemonshowdown.com/gen9nationaldexubers-2308005519-l3xk56lmpmscj8005av2u0xe18qv5v0pw'),(39,'312970835726041098',4600,'330178000329113601',3419,0,NULL,'https://replay.pokemonshowdown.com/gen9natdexdraft-2306026038'),(40,'617487283922272258',10468,'387785462233825322',6850,0,NULL,'https://replay.pokemonshowdown.com/gen9natdexdraft-2307203915'),(41,'240252487766900737',2600,'198086686465327104',1950,0,NULL,'https://replay.pokemonshowdown.com/gen9nationaldexubers-2305852618'),(42,'495999441447419919',5558,'391280790924689410',3500,0,NULL,'https://replay.pokemonshowdown.com/gen9natdexdraft-2309228720'),(43,'330178000329113601',3419,'387785462233825322',6850,0,NULL,'https://replay.pokemonshowdown.com/gen9natdexdraft-2309441143'),(44,'198086686465327104',8298,'170690296164646912',20001,0,NULL,'https://replay.pokemonshowdown.com/gen9nationaldexubers-2312718902-ppaorv68hsp4fenlnyp86vdcgehos6apw'),(45,'495999441447419919',9990,'312970835726041098',5072,0,NULL,'https://replay.pokemonshowdown.com/gen9natdexdraft-2312500871'),(46,'617487283922272258',18868,'391280790924689410',12452,0,NULL,'https://play.pokemonshowdown.com/battle-gen9natdexdraft-2311086991'),(47,'240252487766900737',5300,'219924015928705025',5084,0,NULL,'https://replay.pokemonshowdown.com/gen9nationaldexubers-2310732486-2i05nsqxg073lhikult9h6q16km69pmpw'),(49,'198086686465327104',7798,'495999441447419919',19990,1,NULL,NULL),(50,'391280790924689410',44710,'387785462233825322',6850,1,NULL,NULL),(51,'330178000329113601',3419,'240252487766900737',5300,1,NULL,NULL),(52,'617487283922272258',23859,'170690296164646912',20001,1,NULL,NULL),(53,'219924015928705025',7645,'312970835726041098',14971,1,NULL,NULL);
/*!40000 ALTER TABLE `bet_lines` ENABLE KEYS */;
UNLOCK TABLES;

--
-- Table structure for table `bets`
--

DROP TABLE IF EXISTS `bets`;
/*!40101 SET @saved_cs_client     = @@character_set_client */;
/*!50503 SET character_set_client = utf8mb4 */;
CREATE TABLE `bets` (
  `betID` int NOT NULL AUTO_INCREMENT,
  `userID` varchar(45) DEFAULT NULL,
  `wager` int DEFAULT NULL,
  `totalReturn` varchar(45) DEFAULT NULL,
  `wagerID` int DEFAULT NULL,
  `paid` tinyint DEFAULT '0',
  `protag` varchar(45) DEFAULT NULL,
  PRIMARY KEY (`betID`),
  KEY `user_idx` (`userID`),
  KEY `wagerID_idx` (`wagerID`),
  CONSTRAINT `user` FOREIGN KEY (`userID`) REFERENCES `users` (`userID`) ON DELETE CASCADE,
  CONSTRAINT `wagerID` FOREIGN KEY (`wagerID`) REFERENCES `bet_lines` (`wagerID`)
) ENGINE=InnoDB AUTO_INCREMENT=159 DEFAULT CHARSET=utf8mb4 COLLATE=utf8mb4_0900_ai_ci;
/*!40101 SET character_set_client = @saved_cs_client */;

--
-- Dumping data for table `bets`
--

LOCK TABLES `bets` WRITE;
/*!40000 ALTER TABLE `bets` DISABLE KEYS */;
INSERT INTO `bets` VALUES (46,'170690296164646912',200,'400',28,1,'617487283922272258'),(47,'170690296164646912',200,'400.00',31,1,'495999441447419919'),(48,'312970835726041098',150,'300.00',29,1,'240252487766900737'),(49,'312970835726041098',150,'275.00',28,1,'617487283922272258'),(50,'312970835726041098',150,'300.00',30,1,'391280790924689410'),(51,'312970835726041098',150,'300.00',32,1,'198086686465327104'),(52,'312970835726041098',150,'330.00',31,1,'387785462233825322'),(53,'617487283922272258',1000,'1740.74',28,1,'617487283922272258'),(54,'617487283922272258',300,'645.00',29,1,'170690296164646912'),(55,'170690296164646912',500,'942.31',29,1,'170690296164646912'),(56,'170690296164646912',942,'1543.83',34,1,'170690296164646912'),(57,'312970835726041098',800,'1720.00',35,1,'312970835726041098'),(58,'312970835726041098',25,'37.77',36,1,'617487283922272258'),(59,'170690296164646912',150,'300.00',37,1,'240252487766900737'),(60,'495999441447419919',500,'819.44',35,1,'312970835726041098'),(61,'495999441447419919',500,'1489.58',36,1,'495999441447419919'),(62,'330178000329113601',1000,'2397.06',36,1,'495999441447419919'),(63,'617487283922272258',1000,'3384.35',34,1,'387785462233825322'),(64,'170690296164646912',300,'900.00',35,1,'198086686465327104'),(65,'298606367533694977',500,'1293.10',35,1,'198086686465327104'),(66,'298606367533694977',100,'187.96',36,1,'495999441447419919'),(67,'312970835726041098',120,'261.47',36,1,'617487283922272258'),(68,'495999441447419919',400,'713.64',34,1,'170690296164646912'),(69,'312970835726041098',1200,'2953.67',34,1,'387785462233825322'),(70,'240252487766900737',1000,'2122.24',36,1,'617487283922272258'),(71,'312970835726041098',200,'400.00',33,1,'219924015928705025'),(72,'495999441447419919',419,'921.80',33,1,'330178000329113601'),(73,'330178000329113601',1000,'2248.21',36,1,'495999441447419919'),(75,'170690296164646912',400,'873.00',33,1,'219924015928705025'),(76,'312970835726041098',200,'377.38',33,1,'219924015928705025'),(77,'495999441447419919',1000,'2268.50',33,1,'330178000329113601'),(78,'240252487766900737',1000,'2343.89',33,1,'219924015928705025'),(79,'312970835726041098',1000,'2157.50',33,1,'330178000329113601'),(80,'617487283922272258',800,'1776.86',33,1,'219924015928705025'),(81,'312970835726041098',750,'1439.87',34,1,'170690296164646912'),(82,'312970835726041098',408,'783.25',36,1,'495999441447419919'),(83,'170690296164646912',650,'1189.86',36,1,'495999441447419919'),(84,'170690296164646912',1190,'2097.67',34,1,'170690296164646912'),(85,'495999441447419919',2000,'3200.29',34,1,'170690296164646912'),(86,'330178000329113601',450,'1468.48',34,1,'387785462233825322'),(87,'312970835726041098',1000,'1501.19',34,1,'170690296164646912'),(88,'617487283922272258',500,'1629.21',34,1,'387785462233825322'),(89,'495999441447419919',1190,'1786.25',34,1,'170690296164646912'),(91,'219924015928705025',2000,'8173.02',34,1,'387785462233825322'),(92,'298606367533694977',300,'442.41',34,1,'170690296164646912'),(93,'298606367533694977',500,'678.71',38,1,'170690296164646912'),(94,'240252487766900737',800,'2000.00',41,1,'240252487766900737'),(95,'240252487766900737',200,'1044.87',42,1,'391280790924689410'),(96,'298606367533694977',500,'964.29',41,1,'240252487766900737'),(97,'298606367533694977',400,'1121.03',40,1,'617487283922272258'),(98,'170690296164646912',1000,'4598.52',42,1,'391280790924689410'),(99,'298606367533694977',200,'296.75',42,1,'495999441447419919'),(100,'298606367533694977',300,'745.96',39,1,'312970835726041098'),(101,'330178000329113601',500,'1576.17',42,1,'391280790924689410'),(102,'330178000329113601',500,'1308.73',40,1,'617487283922272258'),(103,'495999441447419919',2000,'4630.00',39,1,'312970835726041098'),(104,'495999441447419919',3987,'9702.15',40,1,'617487283922272258'),(105,'312970835726041098',550,'1281.76',40,1,'387785462233825322'),(106,'312970835726041098',650,'1803.58',42,1,'391280790924689410'),(107,'312970835726041098',784,'3086.35',38,1,'219924015928705025'),(108,'617487283922272258',1786,'3245.57',40,1,'617487283922272258'),(109,'312970835726041098',300,'502.10',40,1,'617487283922272258'),(110,'170690296164646912',1500,'2122.02',38,1,'170690296164646912'),(111,'312970835726041098',500,'1876.82',38,1,'219924015928705025'),(112,'617487283922272258',2000,'2809.15',38,1,'170690296164646912'),(113,'240252487766900737',200,'776.25',38,1,'219924015928705025'),(114,'240252487766900737',1000,'2955.38',47,1,'240252487766900737'),(115,'240252487766900737',200,'798.17',46,1,'391280790924689410'),(116,'240252487766900737',500,'4108.21',44,1,'198086686465327104'),(117,'617487283922272258',246,'1658.94',44,1,'198086686465327104'),(118,'617487283922272258',1700,'4100.78',47,1,'240252487766900737'),(119,'298606367533694977',200,'270.69',46,1,'617487283922272258'),(120,'298606367533694977',400,'476.63',44,1,'170690296164646912'),(121,'312970835726041098',150,'582.49',46,1,'391280790924689410'),(122,'170690296164646912',598,'2255.00',46,1,'391280790924689410'),(123,'240252487766900737',1000,'3398.38',46,1,'391280790924689410'),(124,'312970835726041098',650,'4139.17',44,1,'198086686465327104'),(125,'330178000329113601',2000,'5916.30',46,1,'391280790924689410'),(126,'330178000329113601',4500,'10945.49',46,1,'391280790924689410'),(127,'330178000329113601',4,'7.57',46,1,'391280790924689410'),(128,'240252487766900737',5800,'12298.09',46,1,'617487283922272258'),(129,'170690296164646912',1000,'1725.77',46,1,'617487283922272258'),(130,'312970835726041098',1000,'1684.22',46,1,'617487283922272258'),(131,'298606367533694977',400,'492.48',44,1,'170690296164646912'),(132,'312970835726041098',579,'709.27',44,1,'170690296164646912'),(133,'240252487766900737',31,'59.19',45,1,'495999441447419919'),(134,'617487283922272258',4401,'8379.11',45,1,'495999441447419919'),(135,'298606367533694977',300,'445.42',45,1,'495999441447419919'),(136,'298606367533694977',400,'658.87',46,1,'617487283922272258'),(137,'298606367533694977',500,'2808.88',44,1,'198086686465327104'),(138,'312970835726041098',500,'1289.32',46,1,'391280790924689410'),(139,'312970835726041098',472,'1476.54',45,1,'312970835726041098'),(140,'312970835726041098',200,'1003.48',44,1,'198086686465327104'),(141,'312970835726041098',200,'303.62',45,1,'495999441447419919'),(142,'312970835726041098',350,'441.65',44,1,'170690296164646912'),(143,'240252487766900737',398,'1952.32',44,1,'198086686465327104'),(144,'495999441447419919',1000,'4555.58',44,1,'198086686465327104'),(145,'170690296164646912',854,'3332.70',44,1,'198086686465327104'),(146,'617487283922272258',4000,'5594.33',44,1,'170690296164646912'),(147,'312970835726041098',200,'263.61',44,1,'170690296164646912'),(148,'617487283922272258',2000,'8351.54',44,1,'198086686465327104'),(149,'240252487766900737',10000,'16304.30',49,0,'495999441447419919'),(150,'170690296164646912',1500,'6261.04',49,0,'198086686465327104'),(151,'617487283922272258',4991,'10281.70',52,0,'617487283922272258'),(152,'240252487766900737',61,'121.86',53,0,'219924015928705025'),(153,'312970835726041098',8899,'17926.08',53,0,'312970835726041098'),(154,'240252487766900737',1000,'3715.45',53,0,'219924015928705025'),(155,'170690296164646912',1500,'4910.33',53,0,'219924015928705025'),(156,'617487283922272258',1000,'1547.20',53,0,'312970835726041098'),(157,'330178000329113601',16000,'24801.80',50,0,'391280790924689410'),(158,'495999441447419919',16258,'20172.22',50,0,'391280790924689410');
/*!40000 ALTER TABLE `bets` ENABLE KEYS */;
UNLOCK TABLES;

--
-- Table structure for table `users`
--

DROP TABLE IF EXISTS `users`;
/*!40101 SET @saved_cs_client     = @@character_set_client */;
/*!50503 SET character_set_client = utf8mb4 */;
CREATE TABLE `users` (
  `userID` varchar(255) NOT NULL,
  `balance` int DEFAULT NULL,
  `wager_value` int DEFAULT NULL,
  `drafting` tinyint DEFAULT '0',
  `points` int DEFAULT '0',
  PRIMARY KEY (`userID`)
) ENGINE=InnoDB DEFAULT CHARSET=utf8mb4 COLLATE=utf8mb4_0900_ai_ci;
/*!40101 SET character_set_client = @saved_cs_client */;

--
-- Dumping data for table `users`
--

LOCK TABLES `users` WRITE;
/*!40000 ALTER TABLE `users` DISABLE KEYS */;
INSERT INTO `users` VALUES ('170690296164646912',8331,20001,1,11),('198086686465327104',6000,7798,1,3),('219924015928705025',4000,7645,1,7),('240252487766900737',0,5300,1,7),('298606367533694977',6812,1000,0,0),('312970835726041098',0,14971,1,6),('330178000329113601',2869,3419,1,12),('387785462233825322',6000,6850,1,0),('391280790924689410',6000,44710,1,10),('495999441447419919',0,19990,1,17),('617487283922272258',0,23859,1,8),('717081882671448166',5000,1000,0,0);
/*!40000 ALTER TABLE `users` ENABLE KEYS */;
UNLOCK TABLES;
/*!40103 SET TIME_ZONE=@OLD_TIME_ZONE */;

/*!40101 SET SQL_MODE=@OLD_SQL_MODE */;
/*!40014 SET FOREIGN_KEY_CHECKS=@OLD_FOREIGN_KEY_CHECKS */;
/*!40014 SET UNIQUE_CHECKS=@OLD_UNIQUE_CHECKS */;
/*!40101 SET CHARACTER_SET_CLIENT=@OLD_CHARACTER_SET_CLIENT */;
/*!40101 SET CHARACTER_SET_RESULTS=@OLD_CHARACTER_SET_RESULTS */;
/*!40101 SET COLLATION_CONNECTION=@OLD_COLLATION_CONNECTION */;
/*!40111 SET SQL_NOTES=@OLD_SQL_NOTES */;

-- Dump completed on 2025-03-08 23:11:17
